criteria_id,query,title,snippet,url,source_domain,is_remate,remate_stage,risk_level,include,confidence,reason,red_flags,created_at
criteria_0_938c98610b,"""portales"" ""remate bancario"" casa CDMX","4049 casas en remate bancario en venta en Benito Juárez, ...","Hay más de 4049 casas En Remate Bancario en Benito Juárez, CDMX para venta ... Portales (10) · Portales Norte (113) · Portales Oriente (8) · Portales Sur ...",https://icasas.mx/venta/habitacionales-casas-distrito-federal-benito-juarez-2_5_1_0_266_0/f_remate-bancario,icasas.mx,False,unknown,unknown,False,0.0,No specific listing details provided; only a general search result page with multiple listings mentioned. No clear legal status or possession information available.,legal stage unclear|not enough evidence,2026-06-28 03:22:07.565217
criteria_0_938c98610b,"""portales"" ""remate bancario"" casa CDMX","Inmuebles en Venta en Remates Bancarios en Portales, ...","Departamento en Venta, Colonia Portales Norte, Cdmx. ... DEPARTAMENTO EN REMATE BANCARIO PORTALES SUR Ver 8 fotos.",https://lamudi.com.mx/distrito-federal/benito-juarez/portales-5/foreclosures/for-sale,lamudi.com.mx,True,unknown,unknown,False,0.0,"Insufficient information about legal stage, possession, or escriturado status in the listing snippet.",legal stage unclear|not enough evidence,2026-06-28 03:22:09.449835
criteria_0_938c98610b,"""portales"" ""remate bancario"" casa CDMX","8646 Propiedades e inmuebles en venta - CDMX, Ciudad ...","Remate bancario, gran oportunidad de inversión muy por debajo de su valor comercial. Operación exclusiva con capital propio (no aplica ningún tipo de crédito) ...",https://vivanuncios.com.mx/s-remate-inmuebles/ciudad-de-mexico,vivanuncios.com.mx,True,unknown,unknown,False,0.0,Listing mentions remate bancario and cash-only operation but does not provide clear legal stage or possession status; no mention of escriturado or adjudicado with possession.,cash-only with unclear legal status|legal stage unclear,2026-06-28 03:22:11.341789
criteria_0_938c98610b,"""portales"" ""remate bancario"" casa CDMX",Remates bancarios de Departamentos en Ciudad ...,"Remate - Departamento Residencial En Venta En Colonia Portales Norte, Benito Juárez, Distrito Federal ... Remate Bancario Col. Centro Cdmx. Departamento en ...",https://inmuebles.mercadolibre.com.mx/departamentos/distrito-federal/_IS*PROPERTY*IN*AUCTION_242085,inmuebles.mercadolibre.com.mx,True,unknown,unknown,False,0.0,"No detailed information about legal stage, possession, or escriturado status found in the snippet or fetched page text.",legal stage unclear|not enough evidence,2026-06-28 03:22:13.648483
criteria_0_938c98610b,"""portales"" ""remate bancario"" casa CDMX",Guía completa de remates bancarios confiables en México,"... portales ... Propiedades.com te permite afinar tu búsqueda de casas en remate bancario en CDMX, o bien, en cualquier ubicación específica.",https://propiedades.com/blog/informacion-inmobiliaria/5-consejos-invertir-remates,propiedades.com,False,unknown,unknown,False,0.0,The fetched page is a general guide about remates bancarios and does not contain a specific listing or clear legal status of a property.,,2026-06-28 03:22:15.051564
criteria_0_938c98610b,"""portales"" ""remate bancario"" casa CDMX",53 Propiedades e inmuebles con más de 2 baños en venta ...,"... Departamento en Venta Remate Bancario Portales Benito Juarez. MN 1,814,000. 65 m² lote2 rec.2 baños1 estac. Calzada de Tlalpan 1447. Portales Norte, Benito ...",https://inmuebles24.com/inmuebles-en-venta-en-portales-norte-ciudad-de-benito-juarez-incluir-comercializa-remates-publisher-mas-de-2-banos.html,inmuebles24.com,True,unknown,unknown,False,0.0,"Insufficient information about legal stage, possession, or escriturado status in the snippet or page text.",legal stage unclear|not enough evidence,2026-06-28 03:22:17.192513
criteria_0_938c98610b,"""portales"" ""remate bancario"" casa CDMX",372 viviendas remates bancarios adjudicados en venta en ...,"EXCELENTE Y AMPLIO DEPARTAMENTO EN LA ESCANDON CDMX!!! 1 / 18. Remate Bancario. info. $ 3,350,000 MXN. Casa en Miguel Hidalgo, Ciudad de México. Te brindamos ...",https://casas.trovit.com.mx/remates-bancarios-adjudicados-ciudad-m%C3%A9xico,casas.trovit.com.mx,True,adjudicated,unknown,False,0.0,"Insufficient detailed information about legal clarity, possession, or escriturado status in the snippet or page text.",legal stage unclear|not enough evidence,2026-06-28 03:22:19.490320
criteria_0_938c98610b,"""portales"" ""remate bancario"" casa CDMX",Empleos de Remate Bancario en Ciudad De México,... empleos de: Remate bancario en Ciudad de México disponibles en Indeed ... Prospectar clientes potenciales mediante medios propios y a través de los portales o ...,https://mx.indeed.com/q-remate-bancario-l-ciudad-de-m%C3%A9xico-empleos.html,mx.indeed.com,False,unknown,unknown,False,0.0,"The search result is a job listing page for remate bancario employment, not a real estate listing or property information.",,2026-06-28 03:22:21.021513
criteria_0_938c98610b,"""portales"" ""remate bancario"" casa CDMX",Casas En Remate Bancario Cdmx,Relacionado con “Casas En Remate Bancario Cdmx”. Casas ... Departamentos En Renta En La Cdmx En Portales De 5000 · Renta De Casas ...,https://tiktok.com/discover/casas-en-remate-bancario-cdmx,tiktok.com,False,unknown,unknown,False,0.0,No detailed listing information found; only a general search result page without specific property details or legal status.,legal stage unclear|not enough evidence,2026-06-28 03:22:22.411242
criteria_0_938c98610b,"""portales"" ""remate bancario"" casa CDMX",Remates Bancarios casas en preventa y ventas en México ...,"Remate Bancario / Casa En Iztapalapa San Juan Xalpa, Iztapalapa, CDMX ... Vive y obtén tu departamento en Portales Norte Benito Juárez CDMX. $4,180,000. 2 ...",https://agnorconsultores.com/propiedades,agnorconsultores.com,False,unknown,unknown,False,0.0,No clear evidence that the listing is a remate or adjudicated property with clear legal stage or possession status.,legal stage unclear|not enough evidence,2026-06-28 03:22:24.093034
criteria_0_938c98610b,"""portales"" ""casa en remate"" CDMX","Casas en Venta en Remates Bancarios en Portales, Benito ...","!!! CASA EN REMATE EN PORTALES, BENITO JUAREZ !!! Trípoli, Ver 9",https://lamudi.com.mx/distrito-federal/benito-juarez/portales-5/foreclosures/casa/for-sale,lamudi.com.mx,False,unknown,unknown,False,0.9,No detailed listing text or legal status information provided to confirm remate or adjudicated property with clear possession or escriturado status.,legal stage unclear|not enough evidence,2026-06-28 03:22:29.209711
criteria_0_938c98610b,"""portales"" ""casa en remate"" CDMX","4 Casas con bodega en Portales Sur, Benito Juárez","Casa de 4 habitaciones, Benito Juárez · Casa en Remate en Portales Sur Pagos Flexibles. MN 890,730. 522 m² lote4 rec.2 baños3 estac. Odesa 915. Portales Sur, ...",https://inmuebles24.com/casas-en-portales-sur-ciudad-de-benito-juarez-con-bodega.html,inmuebles24.com,False,unknown,unknown,False,0.0,"Insufficient information about legal status, possession, or escriturado status; no clear indication of adjudicated or remate property with low risk.",legal stage unclear|not enough evidence,2026-06-28 03:22:30.851489
criteria_0_938c98610b,"""portales"" ""casa en remate"" CDMX","Portales Sur, Benito Juárez - venta","Casa de 4 habitaciones, Benito Juárez · Casa en Remate en Portales Sur Pagos Flexibles. MN 890,730. 522 m² lote4 rec.2 baños3 estac. Odesa 915 Portales Sur, ...",https://vivanuncios.com.mx/s-remate-inmuebles/portales-sur_benito-juarez_ciudad-de-mexico,vivanuncios.com.mx,True,unknown,unknown,False,0.3,Listing mentions 'Casa en Remate' but does not provide clear legal stage or possession status; no mention of escriturado or adjudicado.,legal stage unclear|no clear possession|not enough evidence,2026-06-28 03:22:32.399675
criteria_0_938c98610b,"""portales"" ""casa en remate"" CDMX",612 habitacionales en remate bancario en venta en ...,"Casa en Calle Canarias 1013, Portales Norte, Ciudad De México, Cdmx, México ... ""Excelente oportunidad de adquirir un Casa en remate bancario en la tranquila y ...",https://icasas.mx/venta/habitacionales-distrito-federal-benito-juarez-portales-sur-2_0_1_0_266_933/f_remate-bancario,icasas.mx,False,unknown,unknown,False,0.0,No detailed listing text provided to assess legal stage or possession status; only a generic snippet mentioning 'remate bancario' without clear evidence of escriturado or adjudicated status.,legal stage unclear|not enough evidence,2026-06-28 03:22:35.355095
criteria_0_938c98610b,"""portales"" ""casa en remate"" CDMX",Remates bancarios de Departamentos En ...,"Casa En Remate Bancario En Miravalle / Col. Portales / Benito Juárez / Cerca De La Cineteca Nacional Y Parque De Los Venados. MXN2,590,000.",https://inmuebles.mercadolibre.com.mx/departamentos/distrito-federal/benito-juarez/departamentos-en-remate-bancario-delegacion-benito-juarez-cdmx_IS*PROPERTY*IN*AUCTION_242085,inmuebles.mercadolibre.com.mx,True,unknown,unknown,False,0.0,"Insufficient information about legal stage, possession, or escriturado status; no clear indication of low risk.",legal stage unclear|not enough evidence,2026-06-28 03:22:36.585525
criteria_0_938c98610b,"""portales"" ""casa en remate"" CDMX","departamento de remate bancario y/o hipotecario, firma ...","... Portales 03303, Benito Juárez Ciudad de México. ABSOLUTA SERIEDAD ... casa en remate alguien me puede orientar porfavor · No photo ...",https://facebook.com/groups/1625122397791225/posts/3977221909247917,facebook.com,False,unknown,unknown,False,0.0,"Insufficient information to confirm remate status or legal clarity; no mention of escriturado, adjudicado with possession, or similar terms.",,2026-06-28 03:22:37.760447
criteria_0_938c98610b,"""portales"" ""casa en remate"" CDMX",5 Propiedades e inmuebles con 4 recámaras en Portales ...,"Casa de 4 habitaciones, Benito Juárez · Casa en Remate en Portales Sur Pagos Flexibles. MN 890,730. 522 m² lote4 rec.2 baños3 estac. Odesa 915. Portales Sur, ...",https://inmuebles24.com/otros-tipos-de-propiedades-en-portales-sur-ciudad-de-benito-juarez-con-4-recamaras.html,inmuebles24.com,False,unknown,unknown,False,0.0,"No clear information about legal stage, escriturado status, or possession; listing only mentions 'Casa en Remate' without further details.",,2026-06-28 03:22:39.146041
criteria_0_938c98610b,"""portales"" ""casa en remate"" CDMX",Casa en Remate Puerta Grande Tlalpan CDMX,Casa en Remate Puerta Grande Tlalpan CDMX. Oportunidad única de ... Excelente oportunidad departamento en Remate Bancario col Portales .,https://tiktok.com/@carlos.gonzalezgtz/video/7636235072512822548,tiktok.com,True,unknown,unknown,False,0.0,"Insufficient information about legal stage, possession, or escriturado status; only mentions remate but no clear legal clarity or possession details.",legal stage unclear|no possession information,2026-06-28 03:22:40.577985
criteria_0_938c98610b,"""portales"" ""casa en remate"" CDMX",r/MexicoFinanciero - ¿Vas por remate bancario?,"Buen día, Vivo en Mexicali, y las casas decentes andan en 1 o 1.5 Millones de pesos 🦆. ¿Alguien ha comprado casa a través de remates bancarios? ...",https://reddit.com/r/MexicoFinanciero/comments/19ff4hz/vas_por_remate_bancario,reddit.com,False,unknown,unknown,False,0.9,The search result is a Reddit discussion without specific listing details or legal status information.,legal stage unclear|not enough evidence,2026-06-28 03:22:42.057354
criteria_0_938c98610b,"""portales"" ""adjudicado"" ""casa"" CDMX",Inmuebles Adjudicados,"*casa En Lomas De Padierna | Remate Adjudicado, Solo Contado. Casa en remate ... 663375 Venta Casa Colonia Del Valle Norte, Alcaldia Benito Juarez, Cdmx.",https://inmuebles.mercadolibre.com.mx/distrito-federal/inmuebles-adjudicados,inmuebles.mercadolibre.com.mx,True,adjudicado,unknown,False,0.0,"Insufficient information about legal clarity, possession, or escriturado status; only title and snippet mentioning 'remate adjudicado' without details.",legal stage unclear|not enough evidence,2026-06-28 03:22:48.702435
criteria_0_938c98610b,"""portales"" ""adjudicado"" ""casa"" CDMX",A 10 MIN DE METRO PARUQE DE LOS VENADOS 📍 ...,"Ana Maria Ceniceros Rodriguez ▻ COLONIA PORTALES CDMX ,NO ES SOLO VENTAS , INFORMACION VECINAL ... Casa en V E N T A Municipio Nezahualcóyotl ...",https://facebook.com/groups/casasventayrenta/posts/27005439169083849,facebook.com,False,unknown,unknown,False,0.9,No clear indication that the property is a remate or adjudicated; legal status and possession unclear.,legal stage unclear|not enough evidence,2026-06-28 03:22:50.227945
criteria_0_938c98610b,"""portales"" ""adjudicado"" ""casa"" CDMX","129 casas en venta en Portales Norte, Benito Juárez","Casa en Tripoli 301, Portales Norte, Ciudad De México, Cdmx, México. * Solo recursos propios Departamento adjudicado Características: 🛏️ 3 recámaras ...",https://icasas.mx/venta/habitacionales-casas-distrito-federal-benito-juarez-portales-norte-2_5_1_0_266_1550,icasas.mx,True,adjudicado,low,True,0.7,"The listing mentions 'Departamento adjudicado' indicating adjudicated property, which implies legal clarity and possession. No red flags about litigation or occupation were found.",,2026-06-28 03:22:51.843323
criteria_0_938c98610b,"""portales"" ""adjudicado"" ""casa"" CDMX",34 Propiedades e inmuebles con escuelas cercanas en ...,"Departamento en venta ubicado en Portales Oriente, una zona residencial consolidada en la Ciudad de México. ... Casa de 3 habitaciones, Benito Juárez ...",https://inmuebles24.com/inmuebles-en-portales-oriente-ciudad-de-benito-juarez-con-escuelas-cercanas.html,inmuebles24.com,False,unknown,unknown,False,0.9,No clear indication of remate or adjudicated property with clear legal stage; no mention of escriturado or similar terms.,legal stage unclear|not enough evidence,2026-06-28 03:22:53.173317
criteria_0_938c98610b,"""portales"" ""adjudicado"" ""casa"" CDMX",Casa en Fraccionamiento en Venta en Portales,"Casas en Fraccionamiento en Venta en Portales, Benito Juárez ; HERMOSA CASA ADJUDICADA!!!! PRADO CHURUBUSCO, COYOACÁN. 15 · Ver 15 fotos · Casa en Fraccionamiento ...",https://lamudi.com.mx/distrito-federal/benito-juarez/portales-5/casa/townhouse/for-sale,lamudi.com.mx,True,adjudicated with possession,very_low,True,0.9,"The listing states 'HERMOSA CASA ADJUDICADA' which implies adjudicated property with clear possession, no mention of litigation or unclear legal status.",,2026-06-28 03:22:54.732121
criteria_0_938c98610b,"""portales"" ""adjudicado"" ""casa"" CDMX",VENTA TERRENO 532m2 Calle Rumanía Col. Portales Sur ...,"... likes, 0 comments - icubicamx on April 12, 2026: ""VENTA TERRENO 532m2 Calle Rumanía Col. Portales Sur CDMX ... Edificio Venta $20,500,000 MXN Casa Venta ...",https://instagram.com/p/DXDnQB7jG9x,instagram.com,False,unknown,unknown,False,0.0,No clear evidence of remate or adjudicated property; legal stage unclear; no mention of escriturado or possession,legal stage unclear|not enough evidence,2026-06-28 03:22:56.042021
criteria_0_938c98610b,"""portales"" ""adjudicado"" ""casa"" CDMX",Casa en Venta: Recuperación Bancaria en Iztapalapa,"recuperación bancaria en Iztapalapa, casa en venta CDMX ... departamento adjudicado Tlalpan, departamento cerca Metro Portales, remates bancarios ...",https://tiktok.com/@byr.home.mx/video/7396157292753718533,tiktok.com,True,adjudicado,unknown,False,0.3,"Listing mentions 'recuperación bancaria' and 'adjudicado' but lacks clear information on legal stage, possession, or escriturado status.",legal stage unclear|no clear possession|not enough evidence,2026-06-28 03:22:57.885159
criteria_0_938c98610b,"""portales"" ""listo para escriturar"" casa CDMX",¿Listo para esta oportunidad? 🤑 Terreno en venta que ...,"Emperadores 112, Portales Nte, Benito Juárez, 03303 Ciudad de México, CDMX ... Listo para escriturar UBICACIÓN ESTRATÉGICA: Dirección: Col.",https://facebook.com/groups/1625122397791225/posts/listo-para-esta-oportunidad/3984205871882854,facebook.com,True,listo para escriturar,very_low,True,0.9,"Listing explicitly states 'listo para escriturar' indicating clear legal stage and readiness for formal ownership transfer, consistent with adjudicated or remate property with low risk.",,2026-06-28 03:23:01.263075
criteria_0_938c98610b,"""portales"" ""listo para escriturar"" casa CDMX",Benito Juárez,"Documentación en regla y listo para escriturar. Ideal para: Inversionistas ... Portales. MN 17,345,000. 532 m² lote. Calle Rumania. Portales Sur, Benito Juárez ...",https://inmuebles24.com/inmuebles-en-venta-en-benito-juarez-sin-estacionamientos-de-501-a-750-metros-cuadrados.html,inmuebles24.com,True,listo para escriturar,very_low,True,0.9,"The listing states 'Documentación en regla y listo para escriturar,' indicating clear legal status and readiness for formal property transfer, typical of adjudicated or remate properties with low risk.",,2026-06-28 03:23:03.209764
criteria_0_938c98610b,"""portales"" ""listo para escriturar"" casa CDMX",Preguntas frecuentes - Remates Hipotecarios,... portales inmobiliarios”. No caigas en sus engaños. Nosotros te asesoramos de ... listo para escriturar. Los remates hipotecarios ofrecen excelentes ...,https://remateshipotecarios.mx/preguntas-frecuentes,remateshipotecarios.mx,False,unknown,unknown,False,0.9,"The search result is a FAQ page about remates hipotecarios, not a specific listing. No specific property details or legal status are provided.",no specific listing|legal stage unclear|not enough evidence,2026-06-28 03:23:05.052162
criteria_0_938c98610b,"""portales"" ""listo para escriturar"" casa CDMX","Portales Norte, Benito Juárez - venta","Emperadores 177, portales nte, benito juárez, Ver datos ciudad de méxico, cdmx. ... inmueble, libre de Gravamen y listo para escriturar. Asesor jorge ...",https://vivanuncios.com.mx/s-remate-inmuebles/portales-norte_benito-juarez_ciudad-de-mexico,vivanuncios.com.mx,True,listo para escriturar,low,True,0.8,"The listing states the property is 'libre de Gravamen y listo para escriturar', indicating clear legal status and readiness for formal ownership transfer, consistent with low remate risk.",,2026-06-28 03:23:06.776419
criteria_0_938c98610b,"""portales"" ""listo para escriturar"" casa CDMX",¿Cuál es el requisito más absurdo o ridículo que te han ...,"✓ Listo para escriturar Escríbenos para ... INTEGRA Soluciones Inmobiliarias DEPARTAMENTO EN RENTA PORTALES, BENITO JUÁREZ, CDMX.",https://instagram.com/reel/DYsMDuOkvKr,instagram.com,False,unknown,unknown,False,0.0,"Listing is for a rental property, not a remate or adjudicated sale.",,2026-06-28 03:23:08.226905
criteria_0_938c98610b,"""portales"" ""listo para escriturar"" casa CDMX","Venta Departamento Nuevo, Portales Oriente, Benito ...","En venta - Venta Departamento Nuevo, Portales Oriente, Benito Juarez, CDMX ... Mantenimiento de 3,404$ Documentos en regla y listo para escriturar. ¿Listo ...",https://century21mexico.com/busqueda/tipo_departamento/operacion_venta/en-estado_ciudad-de-mexico/en-municipio_ciudad-de-mexico-benito-juarez/pagina_3,century21mexico.com,False,unknown,unknown,False,0.9,"Listing does not mention remate, adjudicated property, or related terms; only states 'listo para escriturar' but no indication of remate or adjudication.",,2026-06-28 03:23:10.684087
criteria_0_938c98610b,"""portales"" ""listo para escriturar"" casa CDMX",22 Inmuebles de Be Gold Inversiones - Alejandra Martínez,"... Casa en Ajusco 38 ... inmueble, listo para escriturar. Sobre Icasas Quiénes somos Blog Trabaja con ...",https://icasas.mx/agente/be-gold-inversiones-alejandra-martinez-4b0c-91dd-302b2c3a-525f05a2ddd9-47c5,icasas.mx,True,listo para escriturar,low,True,0.8,"The listing explicitly states 'listo para escriturar', indicating clear legal stage and readiness for formal ownership transfer, suggesting low risk.",,2026-06-28 03:23:12.272479
criteria_0_938c98610b,"""portales"" ""listo para escriturar"" casa CDMX",Nave industrial en venta en Ciudad Satelite del Norte - Mudafy,El parque esta listo para escriturar. Tambien opciones de terrenos en la ... Departamentos en venta en Portales baratos · Departamentos en venta Benito ...,https://mudafy.com.mx/nave-industrial/cercania-de-ciudad-satelite-del-norte-nave-industrial-en-venta-491218,mudafy.com.mx,True,listo para escriturar,low,True,0.8,"The listing states the property is 'listo para escriturar', indicating clear legal stage and readiness for formal ownership transfer, suggesting low risk.",,2026-06-28 03:23:13.498808
criteria_0_938c98610b,"site:propiedades.com ""portales"" ""casas remates""",99 Casas en Remates en Zona Portales,Portales Portales ▽. Zona Portales (190); Portales Norte (96) · Portales Oriente ... Casas Remates en colonias cercanas a Zona Portales. Más propiedades en ...,https://propiedades.com/portales/casas-remates,propiedades.com,False,unknown,unknown,False,0.0,No specific listing details provided; only a general search result page with no clear legal status or possession information.,legal stage unclear|not enough evidence,2026-06-28 03:23:24.027001
criteria_0_938c98610b,"site:propiedades.com ""portales"" ""casas remates""","14 Casas en Remates en Los Portales, Hermosillo",Casas Remates en colonias cercanas a Los Portales. Más propiedades en remates ... Departamentos en Los Portales · Casas en condominio en Los Portales. Inmuebles ...,https://propiedades.com/los-portales-hermosillo/casas-remates,propiedades.com,False,unknown,unknown,False,0.9,The listing is a general search result page for remate properties without specific details on legal stage or possession status.,legal stage unclear|not enough evidence,2026-06-28 03:23:25.431309
criteria_0_938c98610b,"site:propiedades.com ""portales"" ""casas remates""","4 Casas en Remates en Portales, Ramos Arizpe","Venta de casa Río Indo #000, Col. Portales, Ramos Arizpe, Coahuila de Zaragoza, México, C.P. 25904, ID: 29132628. 3 Recámaras. 1 Baño. 180 m2. C. servicio.",https://propiedades.com/portales-ramos-arizpe/casas-remates,propiedades.com,False,unknown,unknown,False,0.0,No clear information indicating the property is a remate or adjudicated with clear legal status; legal stage unclear.,legal stage unclear|not enough evidence,2026-06-28 03:23:26.615183
criteria_0_938c98610b,"site:propiedades.com ""portales"" ""casas remates""",6 Casas en Remates en Hacienda de Los Portales,Características en Hacienda de Los Portales. Casas Remates en colonias cercanas a Hacienda de Los Portales. Más propiedades en remates. Remates en Hacienda de ...,https://propiedades.com/hacienda-de-los-portales-mexicali/casas-remates,propiedades.com,False,unknown,unknown,False,0.9,No detailed listing information or legal status provided; only a general mention of remates without clear evidence of escriturado or adjudicated status.,legal stage unclear|not enough evidence,2026-06-28 03:23:27.991496
criteria_0_938c98610b,"site:propiedades.com ""portales"" ""casas remates""","5 Casas en Remates en Portales, Los Cabos","5 Casas en Remates en Portales, Los Cabos ; $525,000 · 142 m ; $810,000 · 250 m · A/C ; $760,000 · 280 m · A/C · C. servicio ; $741,300 · 125 m ; $760,000 · 290 m · Ascensor.",https://propiedades.com/portales-los-cabos/casas-remates,propiedades.com,False,unknown,unknown,False,0.9,"Listing mentions remates but provides no details on legal stage, possession, or escriturado status; insufficient evidence to assess risk or inclusion.",legal stage unclear|not enough evidence,2026-06-28 03:23:29.332618
criteria_0_938c98610b,"site:propiedades.com ""portales"" ""casas remates""",46 Casas en Remates en Portales Sur,Portales Sur Portales Sur ▽. Portales Sur (83); Acacias (71) · Ciudad de ... Casas Remates en colonias cercanas a Portales Sur. Más propiedades en remates.,https://propiedades.com/portales-sur-df/casas-remates,propiedades.com,False,unknown,unknown,False,0.9,No specific listing details provided; only a general search result page for remates in Portales Sur without legal status or possession information.,legal stage unclear|not enough evidence,2026-06-28 03:23:30.856856
criteria_0_938c98610b,"site:propiedades.com ""portales"" ""casas remates""","8 Casas en Remates en Los Portales, Río Bravo","8 Casas en Remates en Los Portales, Río Bravo · Col. · Venta de casa PORTAL DE LOS MURILLOS #0, Col. · Se vende casa PORTAL DE LAS HACIENDAS #S/N, Col. · Se vende ...",https://propiedades.com/los-portales-rio-bravo/casas-remates,propiedades.com,False,unknown,unknown,False,0.9,No detailed listing information or legal status provided to confirm remate or adjudicated property with clear possession or escriturado status.,legal stage unclear|not enough evidence,2026-06-28 03:23:34.952226
criteria_0_938c98610b,"site:propiedades.com ""portales"" ""casas remates""",47 Casas en Remates en Portales Norte,Características en Portales Norte. Casas Remates en colonias cercanas a Portales Norte. Más propiedades en remates. Remates en Portales Norte. Casas en Remates ...,https://propiedades.com/portales-norte-df/casas-remates,propiedades.com,True,unknown,unknown,False,0.0,No detailed listing information provided to assess legal stage or possession status; only a general search result page with multiple listings mentioned.,legal stage unclear|not enough evidence,2026-06-28 03:23:36.735510
criteria_0_938c98610b,"site:propiedades.com ""portales"" ""casas remates""","37 Casas en Remates en Periodista, Benito Juárez","Portales Oriente, Benito Juárez, DF / CDMX, México, C.P. 03570, ID: 30063350 ... Casas Remates en colonias cercanas a Periodista. Más propiedades en ...",https://propiedades.com/periodista-benito-juarez-df/casas-remates,propiedades.com,False,unknown,unknown,False,0.0,"No detailed listing information provided to assess remate status, legal stage, or possession clarity.",legal stage unclear|not enough evidence,2026-06-28 03:23:38.024117
criteria_0_938c98610b,"site:propiedades.com ""portales"" ""casas remates""",2 Casas en Remates en Portales de la Silla,Características en Portales de la Silla. Casas Remates en colonias cercanas a Portales de la Silla. Remates en Portales de la Silla. Casas en Remates por ...,https://propiedades.com/portales-de-la-silla-guadalupe/casas-remates,propiedades.com,False,unknown,unknown,False,0.9,"No detailed information about legal stage, possession, or escriturado status found in the snippet or fetched page text.",legal stage unclear|not enough evidence,2026-06-28 03:23:39.630227
criteria_0_938c98610b,"site:inmuebles24.com ""portales"" ""remate""",Departamento en Remate en Portales en Benito Juarez ...,3 años. Ver más. Departamento en Remate en Portales en Benito Juarez Cdmx. LINDO DEPARTAMENTO EN REMATE BANCARIO *SOLO RECURSOS PROPIOS* ¿Te gustaría comprar ...,https://inmuebles24.com/propiedades/clasificado/veclapin-departamento-en-remate-en-portales-en-benito-juarez-149239585.html,inmuebles24.com,True,unknown,unknown,False,0.3,"Listing mentions remate bancario and cash-only purchase but lacks clear information on legal stage, possession, or escriturado status.",cash-only with unclear legal status|legal stage unclear,2026-06-28 03:23:44.886925
criteria_0_938c98610b,"site:inmuebles24.com ""portales"" ""remate""",Remate de Casa en Portales Oriente | Benito Juárez | No Créditos,Remate de Casa en Portales Oriente | Benito Juárez | No Créditos | Remate Bancario |. Inmuebles24 · Casa · Venta · Ciudad de México · Benito Juárez · Portales ...,https://inmuebles24.com/propiedades/clasificado/veclcain-remate-de-casa-en-portales-oriente-benito-juarez-149582762.html,inmuebles24.com,True,unknown,unknown,False,0.0,"Insufficient information about legal stage, possession, or escriturado status in the snippet or fetched text.",legal stage unclear|not enough evidence,2026-06-28 03:23:46.280512
criteria_0_938c98610b,"site:inmuebles24.com ""portales"" ""remate""","Casa en Remate en Portales Sur Pagos Flexibles, Ciudad de ...",3 estac. 4 rec. 1 medio baño; 30 años. Ver más. Casa en Remate en Portales Sur Pagos Flexibles.,https://inmuebles24.com/propiedades/clasificado/veclcain-casa-en-remate-en-portales-sur-pagos-flexibles-149635557.html,inmuebles24.com,True,unknown,unknown,False,0.3,"Listing mentions 'Casa en Remate' but lacks details on legal stage, possession, or escriturado status.",legal stage unclear|no mention of escriturado or possession,2026-06-28 03:23:47.571927
criteria_0_938c98610b,"site:inmuebles24.com ""portales"" ""remate""",Bc - Pagos Flexibles Casa en Remate Bancario Benito ...,Bc - Pagos Flexibles Casa en Remate Bancario Benito Juarez Portales Sur. Inmuebles24 · Casa en condominio · Venta · Ciudad de México · Benito Juárez · Portales ...,https://inmuebles24.com/propiedades/clasificado/veclccin-bc-pagos-flexibles-casa-en-remate-bancario-benito-150201388.html,inmuebles24.com,False,unknown,unknown,False,0.0,"No detailed information about legal stage, possession, or escriturado status found in the snippet or fetched page text.",legal stage unclear|not enough evidence,2026-06-28 03:23:48.982816
criteria_0_938c98610b,"site:inmuebles24.com ""portales"" ""remate""",Propiedades e inmuebles con gimnasio y cuarto de tv en ...,"Departamento de 3 habitaciones, Benito Juárez · Departamento en Remate en Portales Oriente Cdmx. MN 730,000. MN 730,000 Mantenimiento. 94 m² lote3 rec.2 baños1 ...",https://inmuebles24.com/inmuebles-en-miravalle-ciudad-de-benito-juarez-con-gimnasio-y-cuarto-de-tv.html,inmuebles24.com,False,unknown,unknown,False,0.0,"No clear information about legal stage, escriturado status, or adjudication; only mentions 'remate' in title without details.",legal stage unclear|not enough evidence,2026-06-28 03:23:50.267117
criteria_0_938c98610b,"site:inmuebles24.com ""portales"" ""remate""",5 Departamentos con estudio y escuelas cercanas en ...,"A3, colonia portales sur, alcaldía benito juárez, C. P. Ver datos, cdmx. ... Remate hipotecario. - pago únicamente con ""recurso propios"". - documentación ...",https://inmuebles24.com/departamentos-en-portales-sur-ciudad-de-benito-juarez-con-estudio-y-escuelas-cercanas.html,inmuebles24.com,True,unknown,unknown,False,0.0,"Insufficient information about legal stage, possession, or escriturado status; only mentions 'remate hipotecario' and payment with own resources.",legal stage unclear|cash-only with unclear legal status,2026-06-28 03:23:51.455037
